01243468D,Raymond Tetteh,HND Electrical Engineering
Maxwell,Mensah,01243535D
01242343D,Raymond Tetteh,Electrical Engineering
01224354D,Maxwell ,Civil Engineering
01332413D,Samuel Ankomah,HND Electrical Engineering
01220954D,Fred Appiah,Civil Engineering
01234345D,Raymond Tetteh,HND Electrical Enginering
01443542D,Samuel AMAH,Civil Engineering
01254343D,Yaw Mensah,HND Electrical Engineering
0124567D,Ruth Amoah,Fashion Design
01234454D,Regina Tetteh,Fashion Design
01234357D,Daniel Agyeman,Civil Engineering
01242376D,Menns Appiah,HND Electrical Engineering
